{
    "attribute_change": {
        "Count": 751,
        "Strict": {
            "R1": 25.69906711578369,
            "R5": 50.199735164642334,
            "R10": 62.98269033432007,
            "mAP": 33.070582151412964
        },
        "Soft": {
            "R1": 26.364848017692566,
            "R5": 50.86551308631897,
            "R10": 63.78162503242493,
            "mAP": 15.371686220169067
        },
        "ID": {
            "R1": 57.656461000442505,
            "R5": 69.90678906440735,
            "R10": 76.69773697853088,
            "mAP": 17.226412892341614
        }
    },
    "composite_change": {
        "Count": 2543,
        "Strict": {
            "R1": 24.655918776988983,
            "R5": 40.188753604888916,
            "R10": 49.94101524353027,
            "mAP": 25.680053234100342
        },
        "Soft": {
            "R1": 25.28509497642517,
            "R5": 41.09319746494293,
            "R10": 50.7274866104126,
            "mAP": 11.09679862856865
        },
        "ID": {
            "R1": 32.481321692466736,
            "R5": 47.227683663368225,
            "R10": 57.097917795181274,
            "mAP": 11.573710292577744
        }
    },
    "viewpoint_change": {
        "Count": 1292,
        "Strict": {
            "R1": 47.36842215061188,
            "R5": 72.7554202079773,
            "R10": 81.19195103645325,
            "mAP": 46.19933366775513
        },
        "Soft": {
            "R1": 54.56656217575073,
            "R5": 76.08358860015869,
            "R10": 83.59133005142212,
            "mAP": 22.368189692497253
        },
        "ID": {
            "R1": 64.78328108787537,
            "R5": 81.88854455947876,
            "R10": 88.62228989601135,
            "mAP": 17.924290895462036
        }
    },
    "Overall": {
        "Count": 4586,
        "Strict": {
            "R1": 31.225469708442688,
            "R5": 51.003050804138184,
            "R10": 60.88094115257263,
            "mAP": 32.67115652561188
        },
        "Soft": {
            "R1": 33.71129631996155,
            "R5": 52.55124568939209,
            "R10": 62.12385296821594,
            "mAP": 14.972305297851562
        },
        "ID": {
            "R1": 45.70431709289551,
            "R5": 60.706496238708496,
            "R10": 69.18883323669434,
            "mAP": 14.2885223031044
        }
    }
}